,public,destination,home
default,0.3549559794568769,0.0,0.6450440205431197
low_home,0.44237137577034896,0.0,0.5576286242296503
high_home,0.30871437930859436,0.0,0.6912856206913987
