,public,destination,home
default,0.3549559794568769,0.0,0.6450440205431197
big_batt,0.2910074632001956,0.0,0.7089925367998025
destination,0.11508343934724634,0.47062452576610064,0.414292034886644
low_home,0.44237137577034896,0.0,0.5576286242296503
high_home,0.30871437930859436,0.0,0.6912856206913987
ultra_home,0.2702834009675539,0.0,0.7297165990324409
